MANDT,SPRAS,KTOPL,SAKNR,TXT20,TXT50
100,E,INT,115860,grow bricks-and-clic,Open-architected 6thgeneration protocol
100,P,INT,311969,repurpose granular i,L'assurance de changer à la pointe   
100,P,INT,139683,cultivate interactiv,Le confort d'atteindre vos buts naturellement
100,E,INT,117833,monetize impactful c,Robust real-time adapter
100,P,INT,308166,monetize open-source,Business-focused even-keeled middleware
100,D,INT,597421,target end-to-end ey,A possibilidade de inovar mais facilmente
100,F,INT,459461,engineer cross-platf,Robust systemic firmware
100,F,INT,805456,empower vertical e-t,Innovative client-server help-desk
100,F,INT,388484,matrix plug-and-play,Phased modular infrastructure
100,F,INT,659627,scale impactful web ,Customer-focused demand-driven customer loyalty   
100,F,INT,343419,e-enable visionary p,Implemented transitional groupware
100,J,INT,323061,synthesize innovativ,Organized scalable toolset
100,P,INT,851477,unleash transparent ,Down-sized attitude-oriented solution
100,E,INT,852627,synergize distribute,A vantagem de realizar seus sonhos mais facilmente   
100,P,INT,697164,whiteboard user-cent,Mandatory maximized software   
100,J,INT,871032,enhance bleeding-edg,Intuitive analyzing system engine   
100,F,INT,450561,exploit back-end met,User-friendly client-driven Internet solution
100,J,INT,849116,envisioneer B2B user,Reduced radical budgetary management   
100,J,INT,450561,incentivize transpar,Expanded empowering attitude
100,F,INT,805456,cultivate efficient ,O conforto de avançar antes de tudo
100,E,INT,133389,whiteboard open-sour,Front-line maximized task-force
100,P,INT,104016,enable proactive sch,La liberté de changer à sa source
100,E,INT,673531,incubate best-of-bre,Seamless value-added concept
100,J,INT,711313,integrate frictionle,Le droit de rouler de manière sûre
100,E,INT,175278,evolve world-class c,Optional system-worthy definition
100,D,INT,530877,brand seamless inter,Extended needs-based Local Area Network
100,F,INT,215113,brand intuitive acti,Cross-group contextually-based strategy
100,F,INT,411991,whiteboard cross-pla,L'assurance d'innover à sa source
100,J,INT,874346,reinvent best-of-bre,Synergized bandwidth-monitored instruction set
100,F,INT,776994,synergize seamless r,L'avantage de changer de manière efficace
100,J,INT,602659,implement scalable n,Le confort d'avancer plus rapidement
100,J,INT,231958,streamline revolutio,Digitized attitude-oriented moderator
100,D,INT,116587,transform enterprise,Team-oriented regional core
100,P,INT,375643,morph collaborative ,Assimilated 24/7 artificial intelligence   
100,J,INT,449174,scale cross-platform,Implemented system-worthy collaboration
100,E,INT,501577,reinvent seamless e-,Organized motivating attitude
100,J,INT,506339,optimize innovative ,Streamlined bottom-line matrices   
100,J,INT,787669,matrix magnetic part,Mandatory scalable Internet solution
100,D,INT,774507,drive intuitive comm,Streamlined directional moderator
100,D,INT,534430,generate innovative ,Total multi-state alliance
100,D,INT,244689,repurpose value-adde,Le droit de concrétiser vos projets de manière sûr
100,J,INT,877520,exploit innovative p,Upgradable logistical productivity
100,J,INT,619628,strategize leading-e,Reverse-engineered attitude-oriented encoding
100,P,INT,307208,drive e-business ban,Cloned scalable website
100,D,INT,395921,revolutionize clicks,Phased neutral product
100,P,INT,680893,e-enable dot-com syn,Public-key systemic project
100,D,INT,652748,monetize virtual con,Networked actuating firmware
100,J,INT,782645,e-enable customized ,Configurable object-oriented process improvement
100,D,INT,675993,facilitate revolutio,Universal system-worthy functionalities   
100,D,INT,506339,incentivize one-to-o,Le droit d'innover sans soucis
100,J,INT,490443,maximize viral metho,Le droit d'innover sans soucis   
100,J,INT,120659,enable extensible e-,O poder de concretizar seus projetos sem preocupaç
100,J,INT,575537,strategize e-busines,Proactive clear-thinking extranet
100,J,INT,147497,mesh bricks-and-clic,A liberdade de atingir seus objetivos mais facilme
100,D,INT,405007,enhance B2C relation,Multi-lateral intangible policy   
100,E,INT,783278,reinvent intuitive R,Ameliorated 24hour time-frame
100,J,INT,309232,architect holistic e,O direito de concretizar seus projetos com toda a    
100,P,INT,153205,architect granular c,Exclusive didactic system engine
100,F,INT,383192,empower sticky users,Enterprise-wide web-enabled customer loyalty
100,D,INT,839093,strategize cross-pla,Fully-configurable systemic core   
100,J,INT,442815,benchmark 24/365 ROI,Multi-layered systemic open architecture
100,D,INT,392118,expedite synergistic,Visionary client-driven task-force
100,F,INT,772726,revolutionize B2C vo,Inverse mission-critical approach
100,P,INT,386517,transform intuitive ,Multi-tiered fresh-thinking leverage
100,D,INT,597436,incubate efficient p,A certeza de concretizar seus projetos mais rapida   
100,E,INT,468383,seize web-enabled ap,Pre-emptive cohesive artificial intelligence
100,P,INT,169658,utilize killer actio,De-engineered solution-oriented extranet
100,P,INT,803970,embrace compelling m,Synergistic non-volatile analyzer
100,E,INT,339352,revolutionize robust,Reduced regional matrix
100,E,INT,859335,morph viral function,O direito de ganhar naturalmente   
100,F,INT,248588,whiteboard one-to-on,Configurable grid-enabled policy
100,F,INT,865665,strategize intuitive,Triple-buffered system-worthy functionalities
100,P,INT,631327,innovate web-enabled,A liberdade de realizar seus sonhos sem preocupaçã
100,F,INT,174328,productize wireless ,A simplicidade de avançar simplesmente   
100,E,INT,442815,enhance proactive e-,Organic discrete forecast   
100,F,INT,211245,architect out-of-the,De-engineered attitude-oriented circuit
100,J,INT,662004,extend vertical mind,Synchronized content-based architecture
100,E,INT,339352,aggregate holistic c,Multi-lateral attitude-oriented help-desk
100,J,INT,718326,envisioneer killer s,L'assurance de rouler en toute tranquilité   
100,D,INT,104016,empower front-end ba,Open-architected dynamic superstructure
100,J,INT,246495,seize turn-key conve,Multi-tiered disintermediate circuit
100,E,INT,520605,syndicate customized,Reduced scalable approach
100,D,INT,213691,engineer world-class,Phased dedicated access
100,F,INT,149310,transform virtual vo,A simplicidade de ganhar com confiança
100,J,INT,466171,expedite global infr,A segurança de conseguir direto da fonte
100,J,INT,515755,architect viral supp,L'art d'avancer de manière sûre
100,P,INT,779580,whiteboard strategic,Le confort d'atteindre vos buts de manière efficac
100,P,INT,309232,reinvent revolutiona,O poder de mudar sem preocupação
100,D,INT,449174,seize wireless metri,Re-contextualized intermediate system engine
100,P,INT,132261,orchestrate scalable,Polarized multi-state approach   
100,P,INT,724858,generate dot-com arc,Sharable logistical archive
100,P,INT,714328,monetize granular ac,De-engineered multi-state customer loyalty   
100,D,INT,307208,enable interactive d,O conforto de realizar seus sonhos em estado puro   
100,J,INT,458780,deploy end-to-end pa,O prazer de conseguir com confiança   
100,F,INT,132261,orchestrate compelli,Function-based user-facing complexity
100,J,INT,776994,incentivize next-gen,Fully-configurable intangible leverage
100,D,INT,877520,implement 24/365 app,Phased impactful instruction set
100,D,INT,805456,iterate next-generat,O poder de ganhar direto da fonte
100,P,INT,801302,innovate dot-com por,Focused local open architecture
100,P,INT,540753,revolutionize vertic,Adaptive homogeneous migration   
100,D,INT,869519,productize enterpris,A arte de avançar com força total
100,J,INT,581810,evolve intuitive web,Vision-oriented empowering orchestration
100,D,INT,630617,redefine innovative ,Multi-lateral empowering access
100,E,INT,851477,harness real-time ex,O conforto de evoluir em estado puro
100,F,INT,134430,generate bleeding-ed,Mandatory incremental array
100,E,INT,321460,exploit cutting-edge,Extended directional protocol
100,F,INT,158097,reinvent clicks-and-,Total coherent initiative
100,P,INT,183386,mesh turn-key niches,Function-based cohesive array
100,F,INT,538111,enhance enterprise a,Grass-roots object-oriented moderator
100,P,INT,140238,drive bricks-and-cli,Fully-configurable exuding info-mediaries
100,D,INT,652295,extend best-of-breed,Visionary intermediate interface
100,J,INT,884064,extend 24/7 info-med,A simplicidade de mudar de maneira eficaz
100,E,INT,806430,harness visionary pa,Quality-focused analyzing artificial intelligence
100,P,INT,421708,deploy next-generati,Diverse dynamic leverage
100,D,INT,219934,synergize cutting-ed,Optimized actuating help-desk
100,F,INT,206950,monetize distributed,Phased reciprocal frame   
100,P,INT,661129,harness web-enabled ,Synchronized multimedia website
100,D,INT,248494,morph plug-and-play ,Sharable needs-based application   
100,J,INT,147497,integrate value-adde,L'avantage de louer de manière efficace
100,E,INT,869519,enable dynamic web-r,Extended dynamic functionalities
100,F,INT,442815,incubate back-end de,Devolved systemic workforce
100,D,INT,153155,maximize wireless pl,Cross-group client-server implementation
100,P,INT,888922,target virtual ROI,Exclusive 5thgeneration emulation   
100,J,INT,174328,seize plug-and-play ,Profound dynamic pricing structure   
100,P,INT,296645,monetize wireless ne,A arte de avançar em estado puro
100,F,INT,472462,grow leading-edge e-,O poder de ganhar simplesmente
100,F,INT,387164,implement viral eyeb,A arte de avançar em estado puro
100,J,INT,896451,mesh global supply-c,Secured secondary architecture
100,J,INT,300098,embrace back-end web,Le droit de louer plus rapidement
100,F,INT,206950,seize vertical inter,Profound background forecast
100,J,INT,169658,productize 24/365 ch,Team-oriented high-level task-force
100,F,INT,584336,target vertical expe,A simplicidade de conseguir simplesmente
100,D,INT,481329,implement killer e-c,Front-line web-enabled process improvement
100,D,INT,533631,evolve seamless deli,A vantagem de mudar naturalmente
100,P,INT,403401,architect integrated,Object-based high-level monitoring
100,P,INT,132261,evolve 24/365 bandwi,Le pouvoir de rouler plus rapidement
100,J,INT,489312,architect clicks-and,Synergized local collaboration
100,P,INT,117833,implement turn-key c,Right-sized leadingedge ability   
100,P,INT,143763,facilitate global pa,Integrated cohesive infrastructure
100,P,INT,764588,re-intermediate seam,Cross-group global project
100,P,INT,443332,whiteboard value-add,User-centric cohesive software
100,J,INT,765032,harness global e-mar,Le confort d'avancer autrement
100,P,INT,892591,evolve transparent p,Synergized reciprocal firmware   
100,F,INT,382256,maximize robust syst,Synergized tangible focus group
100,P,INT,762947,repurpose ubiquitous,Managed human-resource info-mediaries   
100,D,INT,186938,benchmark robust web,Fundamental bandwidth-monitored emulation   
100,J,INT,772726,drive wireless minds,L'assurance d'atteindre vos buts naturellement
100,J,INT,195508,evolve customized ne,Object-based object-oriented analyzer
100,E,INT,877520,empower clicks-and-m,Assimilated heuristic neural-net
100,E,INT,879426,incubate impactful p,Fundamental background implementation
100,D,INT,409237,whiteboard dot-com s,O direito de realizar seus sonhos mais facilmente
100,P,INT,844518,deploy sticky mindsh,User-friendly composite forecast
100,J,INT,522154,envisioneer revoluti,O poder de inovar mais rapidamente   
100,E,INT,567667,morph vertical archi,Innovative bifurcated artificial intelligence
100,D,INT,421708,embrace B2B web serv,Cross-platform radical array
100,F,INT,183386,leverage enterprise ,Le plaisir de louer autrement
100,P,INT,395921,evolve robust experi,Ergonomic actuating implementation
100,D,INT,132261,benchmark holistic i,Versatile zero-defect data-warehouse
100,D,INT,639438,optimize enterprise ,Exclusive analyzing frame
100,E,INT,494164,seize transparent e-,Devolved needs-based standardization
100,F,INT,849116,architect killer com,Integrated fresh-thinking architecture
100,F,INT,766955,re-intermediate dist,Le confort de changer de manière efficace
100,E,INT,132911,e-enable ubiquitous ,La possibilité d'atteindre vos buts de manière sûr
100,D,INT,776994,streamline user-cent,A vantagem de realizar seus sonhos antes de tudo
100,F,INT,153155,incentivize leading-,A vantagem de conseguir com toda a tranquilidade
100,J,INT,478891,revolutionize ubiqui,Cross-platform actuating firmware   
100,F,INT,567686,orchestrate back-end,De-engineered zero-defect paradigm
100,E,INT,481329,engage collaborative,Business-focused exuding function
100,F,INT,874059,re-intermediate end-,Le droit de rouler sans soucis
100,E,INT,533631,synthesize interacti,O prazer de conseguir com toda a tranquilidade
100,P,INT,145257,drive robust deliver,Extended contextually-based middleware
100,F,INT,823037,whiteboard front-end,La liberté de louer autrement
100,F,INT,169658,unleash 24/365 web-r,L'assurance de louer sans soucis
100,F,INT,228835,engage cutting-edge ,O prazer de ganhar de maneira eficaz
100,J,INT,629329,reinvent cross-platf,Extended multi-tasking hub
100,J,INT,440811,cultivate proactive ,L'avantage de louer plus facilement
100,E,INT,839093,utilize robust actio,L'art d'avancer de manière sûre
100,F,INT,593312,seize scalable solut,Visionary real-time capacity   
100,F,INT,874059,incentivize impactfu,A simplicidade de concretizar seus projetos antes    
100,E,INT,551429,optimize impactful s,User-friendly impactful encoding
100,F,INT,278357,grow sticky delivera,Polarized non-volatile infrastructure
100,E,INT,120659,transition interacti,L'avantage d'atteindre vos buts de manière sûre   
100,E,INT,210942,expedite robust rela,User-friendly context-sensitive synergy
100,F,INT,255845,syndicate virtual RO,Open-architected didactic productivity
100,D,INT,478891,evolve B2B vortals,Centralized client-server firmware
100,E,INT,395921,engage cross-media a,Mandatory explicit workforce   
100,J,INT,250723,streamline web-enabl,Cross-group client-server protocol
100,J,INT,593312,synergize ubiquitous,Cloned impactful structure   
100,J,INT,387164,optimize end-to-end ,Enterprise-wide motivating ability
100,D,INT,300670,seize dynamic networ,Quality-focused high-level database
100,D,INT,132911,visualize extensible,Right-sized 3rdgeneration productivity   
100,J,INT,458780,facilitate transpare,Business-focused bifurcated architecture
100,E,INT,375643,aggregate dot-com mi,Le droit d'avancer en toute tranquilité
100,D,INT,376279,redefine ubiquitous ,Open-source content-based hierarchy
100,E,INT,411991,harness revolutionar,Seamless object-oriented definition
100,F,INT,508440,seize granular syste,L'assurance de changer de manière efficace
100,F,INT,696917,transform interactiv,Organic zero administration policy
100,E,INT,673531,repurpose strategic ,Universal human-resource definition
100,E,INT,326361,re-contextualize cli,Re-contextualized contextually-based methodology
100,F,INT,457479,enhance virtual chan,Face-to-face discrete product
100,P,INT,457479,seize customized par,Inverse holistic paradigm   
100,F,INT,139683,seize revolutionary ,A possibilidade de concretizar seus projetos mais 
100,J,INT,839093,benchmark mission-cr,La possibilité de changer sans soucis
100,D,INT,680893,utilize web-enabled ,Progressive content-based concept
100,F,INT,483227,monetize granular sc,La possibilité d'innover à sa source
100,E,INT,480395,engage frictionless ,A liberdade de inovar de maneira eficaz
100,P,INT,522154,optimize strategic c,Enhanced tangible time-frame
100,P,INT,584783,incentivize distribu,L'art de changer à la pointe
100,F,INT,265992,productize cutting-e,Programmable actuating productivity
100,J,INT,450561,innovate web-enabled,Le plaisir de rouler autrement
100,D,INT,219934,embrace viral synerg,User-centric logistical budgetary management   
100,J,INT,713574,grow mission-critica,Le confort d'évoluer autrement   
100,F,INT,440811,facilitate dynamic a,Digitized fresh-thinking paradigm   
100,P,INT,699308,syndicate clicks-and,Centralized executive approach
100,F,INT,350377,grow sticky converge,Configurable motivating service-desk   
100,P,INT,537503,exploit e-business b,Persistent needs-based capability
100,D,INT,489312,engineer dynamic inf,Adaptive directional Graphical User Interface   
100,P,INT,416112,e-enable best-of-bre,A simplicidade de concretizar seus projetos simple
100,E,INT,153205,scale integrated cha,Focused value-added info-mediaries
100,J,INT,801302,visualize cross-medi,A possibilidade de ganhar mais facilmente
100,E,INT,421708,brand next-generatio,Operative responsive product
100,J,INT,779580,cultivate virtual sc,Sharable explicit website
100,D,INT,731006,mesh sticky info-med,Reverse-engineered methodical hierarchy
100,P,INT,691531,unleash extensible m,Down-sized logistical support
100,F,INT,538111,benchmark wireless n,L'assurance de rouler plus facilement   
100,P,INT,859335,synthesize killer co,A liberdade de realizar seus sonhos mais facilment
100,D,INT,362332,utilize interactive ,La possibilité d'avancer plus facilement
100,D,INT,139454,morph extensible por,O poder de ganhar mais facilmente
100,D,INT,362332,whiteboard enterpris,Le droit d'évoluer sans soucis   
100,J,INT,731006,visualize B2C commun,Vision-oriented exuding complexity
100,D,INT,459461,syndicate synergisti,Multi-layered incremental core
100,P,INT,673531,mesh sticky e-commer,Diverse empowering algorithm
100,D,INT,543229,reinvent open-source,Function-based 24/7 open architecture
100,D,INT,805456,deliver bricks-and-c,Cross-platform zero administration instruction set
100,F,INT,139454,extend wireless conv,Persevering bandwidth-monitored circuit
100,J,INT,580704,disintermediate magn,Cross-group incremental capacity
100,F,INT,300670,integrate ubiquitous,Le plaisir de rouler en toute tranquilité   
100,J,INT,773045,aggregate dot-com mo,Total 24hour encoding
100,F,INT,888922,deploy dot-com metri,A simplicidade de avançar mais rapidamente   
100,F,INT,265688,revolutionize compel,Secured static strategy
100,F,INT,270149,iterate sticky minds,Function-based local methodology
100,P,INT,874059,matrix innovative so,Sharable scalable toolset
100,E,INT,844518,re-intermediate impa,Devolved high-level complexity
100,D,INT,876831,streamline visionary,Distributed tangible definition
100,D,INT,157609,morph bricks-and-cli,O prazer de concretizar seus projetos sem preocupa
100,P,INT,433222,iterate seamless nic,Triple-buffered dedicated function
100,D,INT,128785,productize cross-pla,Customer-focused responsive database
100,E,INT,509481,aggregate viral user,Streamlined disintermediate array
100,E,INT,699308,benchmark best-of-br,La possibilité d'atteindre vos buts à sa source
100,J,INT,206950,target bricks-and-cl,O prazer de avançar mais rapidamente
100,E,INT,876831,transform frictionle,Innovative dedicated instruction set
100,E,INT,604806,whiteboard vertical ,Customer-focused holistic protocol
100,J,INT,633945,engineer extensible ,Cloned responsive focus group
100,P,INT,859335,engineer collaborati,L'assurance d'évoluer à sa source
100,E,INT,754138,transform front-end ,Balanced real-time product
100,P,INT,447533,disintermediate plug,Operative user-facing projection   
100,F,INT,783278,synthesize ubiquitou,Enterprise-wide executive ability
100,P,INT,890112,deliver dynamic syst,Monitored bi-directional focus group
100,J,INT,604806,generate robust solu,Open-architected attitude-oriented framework
100,F,INT,871032,grow transparent int,Distributed heuristic core
100,E,INT,409237,brand efficient part,Versatile mission-critical concept
100,J,INT,219934,deliver bricks-and-c,Multi-channeled systemic encoding
100,F,INT,530877,deploy global synerg,A liberdade de evoluir mais facilmente
100,P,INT,785775,mesh scalable e-busi,User-centric multi-tasking superstructure
100,J,INT,139454,drive user-centric m,Organic 24hour focus group
100,J,INT,411991,syndicate bleeding-e,Re-contextualized disintermediate productivity
100,F,INT,762516,generate B2B portals,Implemented 24/7 adapter
100,F,INT,830305,matrix end-to-end we,A possibilidade de evoluir com toda a tranquilidad   
100,E,INT,439453,implement 24/365 mod,A certeza de realizar seus sonhos direto da fonte   
100,E,INT,419932,e-enable vertical in,Sharable web-enabled initiative   
100,D,INT,175278,brand user-centric m,L'avantage d'atteindre vos buts à sa source
100,J,INT,610817,harness one-to-one R,Enterprise-wide web-enabled attitude
100,J,INT,274054,synthesize intuitive,Optional background protocol
100,J,INT,145257,expedite wireless po,Synchronized holistic middleware   
100,D,INT,888922,extend vertical e-bu,Synergized foreground standardization
100,D,INT,844518,evolve cross-platfor,O conforto de atingir seus objetivos mais rapidame
100,F,INT,408951,implement world-clas,La liberté d'atteindre vos buts sans soucis
100,J,INT,441270,morph proactive syne,Reactive holistic help-desk
100,P,INT,206797,morph cross-platform,Exclusive human-resource functionalities
100,J,INT,871032,target cross-media n,Expanded didactic migration
100,F,INT,859335,incubate innovative ,Visionary tertiary analyzer   
100,F,INT,457479,unleash transparent ,Optimized regional leverage
100,F,INT,311969,redefine granular we,Le pouvoir de louer de manière efficace
100,J,INT,223197,enhance revolutionar,A certeza de avançar com força total
100,J,INT,679439,reinvent cutting-edg,Function-based non-volatile software
100,J,INT,506652,enable B2B e-service,Open-architected interactive infrastructure
100,E,INT,764588,extend global synerg,Assimilated disintermediate throughput
100,D,INT,737707,transform mission-cr,Adaptive neutral data-warehouse
100,F,INT,172942,productize seamless ,Decentralized demand-driven extranet   
100,J,INT,567667,synthesize viral inf,Multi-tiered fresh-thinking challenge
100,J,INT,649973,leverage open-source,Multi-channeled analyzing synergy
100,F,INT,323061,benchmark dynamic re,Ergonomic empowering matrix
100,F,INT,157609,benchmark back-end m,Sharable methodical firmware   
100,P,INT,631327,optimize sticky inte,A segurança de ganhar com confiança
100,J,INT,192674,reinvent compelling ,Total optimizing success
100,P,INT,691854,facilitate one-to-on,Polarized hybrid circuit
100,P,INT,811497,transform strategic ,User-centric client-driven policy
100,J,INT,139002,expedite robust plat,La possibilité d'avancer sans soucis
100,D,INT,576009,monetize customized ,Open-architected explicit success
100,D,INT,132261,exploit end-to-end R,Virtual bifurcated extranet
100,F,INT,724858,cultivate out-of-the,O conforto de mudar com confiança
100,F,INT,318189,repurpose transparen,Object-based intermediate infrastructure
100,P,INT,262698,repurpose interactiv,User-centric maximized open system
100,P,INT,584336,repurpose B2C commun,A simplicidade de inovar em estado puro
100,D,INT,743481,reinvent innovative ,A arte de avançar mais facilmente
100,E,INT,122912,drive wireless partn,Reactive responsive solution
100,F,INT,838758,synergize dot-com e-,Le pouvoir de rouler de manière efficace
100,F,INT,721376,aggregate granular w,Synchronized 5thgeneration methodology
100,D,INT,820155,reinvent global syst,A possibilidade de avançar com confiança   
100,J,INT,242771,productize distribut,Distributed composite access
100,E,INT,376283,matrix front-end met,Le droit d'évoluer naturellement
100,E,INT,652295,productize viral int,Le droit de concrétiser vos projets naturellement
100,J,INT,480395,transition bleeding-,La liberté d'avancer à sa source
100,D,INT,591308,whiteboard interacti,Exclusive didactic concept
100,J,INT,543229,deliver strategic sy,A vantagem de inovar em estado puro
100,E,INT,844518,deliver magnetic com,A simplicidade de inovar mais rapidamente
100,F,INT,433222,aggregate revolution,Fully-configurable didactic projection
100,D,INT,731006,deploy killer niches,Customer-focused composite pricing structure   
100,P,INT,308166,syndicate end-to-end,Operative non-volatile budgetary management   
100,F,INT,313635,architect synergisti,Persistent intermediate groupware
100,P,INT,501837,utilize killer marke,La possibilité de changer plus facilement
100,F,INT,223197,drive viral function,Polarized maximized encoding
100,D,INT,228835,leverage killer conv,Pre-emptive interactive software
100,F,INT,248018,reinvent world-class,Multi-lateral asynchronous emulation
100,D,INT,652295,monetize cutting-edg,Le pouvoir de rouler autrement
100,E,INT,362332,monetize world-class,Le droit d'avancer à la pointe
100,E,INT,838758,e-enable seamless te,Re-contextualized client-driven synergy   
100,F,INT,776994,morph cutting-edge s,Le confort de concrétiser vos projets plus facilem
100,F,INT,631327,evolve user-centric ,Streamlined system-worthy concept
100,J,INT,450480,grow dot-com metrics,Persistent asynchronous matrices
100,D,INT,117833,extend synergistic a,Open-source fresh-thinking open system
100,F,INT,538111,benchmark bricks-and,Synergized client-driven strategy
100,D,INT,274054,redefine intuitive e,Polarized static open system
100,D,INT,691531,exploit best-of-bree,Open-architected multi-tasking monitoring
100,F,INT,820990,strategize killer ma,User-centric high-level framework
100,E,INT,879426,leverage scalable pl,Optional 5thgeneration definition
100,P,INT,865113,re-contextualize web,O prazer de concretizar seus projetos com toda a t
100,J,INT,743481,drive magnetic exper,Implemented scalable secured line
100,D,INT,679439,extend cross-platfor,Switchable bifurcated firmware   
100,P,INT,881270,orchestrate transpar,Re-contextualized high-level portal
100,J,INT,382256,synergize customized,Versatile global parallelism
100,E,INT,421145,deploy B2B bandwidth,Customizable encompassing monitoring
100,F,INT,359267,monetize cutting-edg,L'assurance d'avancer de manière sûre
100,J,INT,167692,deliver plug-and-pla,Persevering stable architecture   
100,D,INT,139683,harness interactive ,Advanced secondary encryption
100,E,INT,849116,re-intermediate cutt,Face-to-face tangible conglomeration
100,F,INT,636856,integrate wireless s,L'avantage d'innover à sa source
100,F,INT,404243,revolutionize next-g,Re-contextualized eco-centric instruction set   
100,J,INT,450561,transition virtual s,A vantagem de avançar direto da fonte
100,D,INT,248494,revolutionize vision,Self-enabling systematic Internet solution
100,P,INT,576009,drive synergistic ch,A simplicidade de ganhar naturalmente   
100,P,INT,697288,engage ubiquitous ba,A simplicidade de realizar seus sonhos em estado p
100,J,INT,874346,iterate front-end mi,Reactive bandwidth-monitored superstructure
100,J,INT,662004,visualize world-clas,Intuitive even-keeled matrix   
100,E,INT,501577,enable efficient syn,Reactive asymmetric architecture
100,F,INT,896451,leverage out-of-the-,O prazer de conseguir com toda a tranquilidade
100,F,INT,830305,integrate compelling,A liberdade de atingir seus objetivos com força to
100,F,INT,457479,disintermediate one-,A segurança de ganhar antes de tudo   
100,F,INT,737786,synergize integrated,L'assurance de concrétiser vos projets de manière 
100,J,INT,522154,generate interactive,Diverse 5thgeneration software
100,F,INT,153155,brand collaborative ,Proactive didactic analyzer
100,P,INT,602659,empower revolutionar,O direito de mudar direto da fonte
100,J,INT,580090,productize robust we,A simplicidade de atingir seus objetivos simplesme
100,J,INT,149310,benchmark distribute,O prazer de concretizar seus projetos naturalmente
100,F,INT,714328,re-intermediate stra,Virtual value-added website
100,D,INT,894633,seize sticky solutio,O conforto de inovar sem preocupação
100,J,INT,466171,deliver one-to-one w,Devolved local archive
100,P,INT,411291,iterate scalable fun,A possibilidade de inovar com força total
100,F,INT,627347,enhance customized i,O conforto de atingir seus objetivos naturalmente
100,E,INT,803970,deploy out-of-the-bo,Programmable background matrices   
100,E,INT,659913,grow scalable ROI,Advanced value-added Local Area Network
100,P,INT,309712,reinvent collaborati,Advanced encompassing approach
100,J,INT,691531,orchestrate compelli,Organic uniform Internet solution   
100,E,INT,884064,cultivate extensible,O poder de mudar mais facilmente
100,D,INT,314122,utilize sticky funct,O direito de realizar seus sonhos em estado puro
100,E,INT,148504,engineer impactful e,L'assurance d'innover autrement
100,E,INT,874059,grow open-source par,Progressive disintermediate help-desk
100,F,INT,250723,seize granular actio,Down-sized modular protocol
100,J,INT,743481,utilize holistic e-t,Secured next generation protocol
100,F,INT,166642,seize web-enabled ac,O poder de conseguir mais rapidamente
100,E,INT,895685,extend 24/365 networ,Cross-platform systematic task-force
100,J,INT,230298,monetize scalable sy,Le plaisir d'innover sans soucis   
100,P,INT,666640,enable rich delivera,Visionary mission-critical infrastructure   
100,F,INT,590051,extend out-of-the-bo,Programmable analyzing functionalities
100,F,INT,134430,repurpose strategic ,Customizable optimizing product   
100,P,INT,793218,e-enable leading-edg,A certeza de evoluir direto da fonte
100,F,INT,206178,transition proactive,Up-sized uniform Internet solution
100,P,INT,849116,orchestrate rich met,Configurable national paradigm   
100,E,INT,267294,redefine cutting-edg,Profit-focused radical time-frame   
100,P,INT,284564,evolve back-end infr,Multi-channeled coherent product
100,E,INT,627347,aggregate cutting-ed,Adaptive directional algorithm
100,J,INT,825445,redefine back-end ap,Phased systematic superstructure   
100,J,INT,559830,productize user-cent,Advanced optimal budgetary management   
100,D,INT,881270,benchmark granular e,Reverse-engineered transitional data-warehouse
100,F,INT,825445,integrate B2C soluti,A arte de atingir seus objetivos sem preocupação
100,F,INT,362332,synthesize killer so,Distributed solution-oriented initiative
100,D,INT,874346,drive enterprise ini,Business-focused bi-directional Internet solution
100,P,INT,192674,extend sticky schema,User-centric clear-thinking artificial intelligenc
100,D,INT,627347,drive one-to-one inf,O poder de mudar mais rapidamente   
100,J,INT,533950,disintermediate ente,Monitored explicit hardware
100,D,INT,852627,mesh integrated init,Compatible human-resource hierarchy
100,P,INT,359782,engineer holistic ch,Stand-alone zero tolerance support
100,F,INT,459032,enable global techno,L'assurance d'avancer autrement
100,D,INT,626859,expedite 24/7 vortal,Customer-focused human-resource artificial intelli   
100,E,INT,411291,scale cross-media e-,A segurança de ganhar mais facilmente
100,J,INT,597421,envisioneer killer v,Le pouvoir de louer à la pointe
100,F,INT,811497,integrate cutting-ed,O conforto de realizar seus sonhos de maneira efic
100,E,INT,597436,leverage innovative ,Optimized tertiary model
100,E,INT,499861,streamline bricks-an,Fully-configurable system-worthy matrix
100,J,INT,823037,productize frictionl,Enterprise-wide 4thgeneration conglomeration
100,E,INT,362332,brand global functio,L'avantage d'évoluer de manière efficace
100,J,INT,501837,orchestrate ubiquito,Face-to-face mobile extranet
100,P,INT,450480,monetize revolutiona,Stand-alone hybrid application
100,D,INT,458780,engage interactive s,Visionary object-oriented knowledgebase   
100,P,INT,267294,generate cutting-edg,A vantagem de inovar direto da fonte   
100,D,INT,265688,revolutionize cross-,La liberté d'innover plus rapidement
100,J,INT,458780,deliver cross-platfo,Face-to-face even-keeled projection   
100,D,INT,749869,generate rich eyebal,Multi-layered intermediate encryption   
100,P,INT,760636,re-intermediate cros,Configurable clear-thinking intranet
100,E,INT,537503,grow synergistic act,Fundamental national knowledgebase   
100,E,INT,459032,synergize killer act,Open-source asymmetric open architecture
100,F,INT,192674,orchestrate revoluti,Mandatory eco-centric circuit   
100,F,INT,392118,mesh cutting-edge in,A segurança de atingir seus objetivos com toda a t
100,P,INT,122912,synthesize bleeding-,Decentralized encompassing solution
100,E,INT,549356,transition frictionl,Le pouvoir de louer à la pointe
100,J,INT,636856,mesh back-end experi,O conforto de mudar simplesmente
100,E,INT,307208,benchmark B2C soluti,A liberdade de atingir seus objetivos simplesmente
100,J,INT,153155,synthesize value-add,Business-focused even-keeled projection
100,F,INT,356441,mesh real-time commu,Public-key zero administration migration
100,P,INT,245226,disintermediate comp,Team-oriented multimedia focus group
100,D,INT,321997,e-enable back-end e-,Versatile homogeneous frame   
100,P,INT,551429,reinvent sticky rela,L'assurance de louer en toute tranquilité   
100,F,INT,509481,harness strategic we,Universal attitude-oriented forecast
100,E,INT,699308,integrate virtual e-,Quality-focused needs-based challenge
100,P,INT,593312,cultivate collaborat,Multi-tiered empowering analyzer
100,F,INT,713574,integrate wireless i,Customizable regional capability
100,J,INT,671008,productize customize,Ergonomic high-level matrix
100,E,INT,734905,re-intermediate inte,Down-sized directional groupware
100,J,INT,457479,grow strategic infra,Le confort de louer plus rapidement
100,P,INT,262698,incubate plug-and-pl,Synergistic optimal moderator
100,F,INT,116587,benchmark holistic u,Visionary leadingedge strategy
100,D,INT,321997,incentivize vertical,Face-to-face disintermediate conglomeration
100,J,INT,421145,whiteboard enterpris,Compatible non-volatile framework
100,P,INT,774507,synthesize leading-e,O poder de mudar com toda a tranquilidade
100,F,INT,318189,morph sticky e-comme,Le plaisir d'innover avant-tout
100,P,INT,839093,matrix impactful min,Enterprise-wide systematic utilization
100,D,INT,169403,re-contextualize hol,Triple-buffered non-volatile circuit
100,P,INT,636856,facilitate B2B vorta,La liberté d'atteindre vos buts plus facilement
100,P,INT,631327,implement visionary ,A liberdade de ganhar antes de tudo
100,E,INT,894633,brand interactive we,Fully-configurable clear-thinking open system
100,F,INT,200538,integrate best-of-br,A possibilidade de concretizar seus projetos com c
100,D,INT,262698,leverage revolutiona,Inverse value-added project
100,E,INT,338252,innovate enterprise ,A liberdade de avançar com confiança
100,E,INT,631327,grow front-end vorta,Secured global solution
100,E,INT,250723,deploy cross-media R,O poder de realizar seus sonhos antes de tudo   
100,F,INT,122912,enhance one-to-one p,Optimized upward-trending circuit
100,E,INT,539664,cultivate end-to-end,Up-sized content-based process improvement
100,F,INT,894633,orchestrate viral e-,Open-source zero-defect solution
100,E,INT,652295,embrace virtual mode,Le pouvoir d'atteindre vos buts plus rapidement
100,D,INT,626859,re-contextualize ble,De-engineered explicit firmware
100,J,INT,714328,strategize ubiquitou,A simplicidade de inovar direto da fonte
100,J,INT,584783,engineer proactive e,Reverse-engineered uniform monitoring
100,F,INT,604806,seize visionary netw,Le droit de changer à la pointe
100,P,INT,403401,matrix real-time com,Innovative global process improvement
100,F,INT,214108,matrix B2C networks,Grass-roots 24/7 Local Area Network
100,F,INT,822145,integrate dynamic sy,La possibilité d'évoluer de manière sûre
100,D,INT,551429,drive customized sol,Horizontal exuding instruction set
100,D,INT,659448,e-enable value-added,Compatible disintermediate functionalities   
100,E,INT,785775,revolutionize user-c,Multi-layered composite frame
100,D,INT,737707,extend scalable e-ta,Enhanced needs-based application
100,P,INT,778106,seize visionary solu,Profound systemic capacity
100,J,INT,543229,integrate killer por,Digitized bottom-line protocol
100,D,INT,717473,whiteboard extensibl,Centralized exuding time-frame
100,E,INT,228344,evolve efficient web,Reduced user-facing software
100,J,INT,612452,redefine e-business ,Multi-layered 24hour hardware
100,J,INT,241812,maximize granular e-,Phased non-volatile matrix
100,P,INT,117833,extend impactful arc,Reduced leadingedge matrix
100,D,INT,697164,disintermediate fric,O conforto de evoluir de maneira eficaz   
100,P,INT,774507,iterate front-end ne,Object-based multi-state time-frame   
100,P,INT,403401,engineer frictionles,L'assurance de concrétiser vos projets de manière 
100,F,INT,533631,deploy collaborative,Re-engineered discrete help-desk
100,J,INT,210942,empower efficient e-,Decentralized motivating hierarchy
100,E,INT,462845,grow compelling info,Open-source dynamic moderator   
100,P,INT,183386,unleash scalable eye,Cross-group well-modulated standardization
100,D,INT,356441,visualize holistic n,Front-line 24hour task-force
100,F,INT,888922,matrix out-of-the-bo,Streamlined zero-defect firmware
100,D,INT,440811,incubate viral e-mar,O direito de ganhar mais rapidamente
100,D,INT,115860,drive vertical funct,Le plaisir de concrétiser vos projets de manière e
100,D,INT,481329,disintermediate B2C ,User-friendly attitude-oriented migration
100,F,INT,266779,grow integrated para,Self-enabling even-keeled focus group   
100,F,INT,806430,repurpose synergisti,Object-based human-resource system engine
100,F,INT,515755,integrate mission-cr,Reduced discrete Local Area Network
100,D,INT,481329,whiteboard killer ap,Face-to-face client-driven adapter
100,P,INT,557715,matrix granular web ,Re-contextualized secondary structure   
100,E,INT,421708,maximize B2B ROI,Universal 6thgeneration toolset
100,F,INT,793218,re-intermediate cutt,L'art de louer naturellement
100,D,INT,350377,extend user-centric ,User-friendly didactic migration
100,F,INT,779085,brand user-centric n,L'avantage de changer à la pointe
100,D,INT,820155,aggregate enterprise,Vision-oriented directional approach
100,E,INT,494164,engage dynamic initi,Decentralized demand-driven hub
